comparison,period,estimate,conf.low,conf.high,p.value,percent_of_pre_mean,construction_blocks
"Nearby blocks, no construction in window",All months after start,0.44119644711511563,0.2928483603551011,0.5895445338751302,5.6551080744351805e-9,0.07840251831982856,5484
"Nearby blocks, no construction in window",-12 to -7,0.0735655239545312,-0.014602028114512056,0.16173307602357445,0.10196791038722545,0.013072912026528676,5484
"Nearby blocks, no construction in window",0 to 6,0.2266282968918934,0.08925401652548148,0.3640025772583053,0.0012246009304690381,0.04027282929189632,5484
"Nearby blocks, no construction in window",7 to 12,0.4485915651018798,0.2729767814898732,0.6242063487138865,5.583599719596967e-7,0.07971666279498407,5484
"Nearby blocks, no construction in window",13 to 18,0.6400806922030005,0.4281593336409341,0.8520020507650667,3.272982298695929e-9,0.11374510951925332,5484
"Nearby blocks, no construction in window",19 to 24,0.7944991928887126,0.5633014558529309,1.0256969299244942,1.6793637996052423e-11,0.14118594547361252,5484
Nearby blocks that get construction later,All months after start,0.15943292693842684,-0.07516873799420395,0.3940345918710576,0.1828358428494515,0.02730298119218774,4522
Nearby blocks that get construction later,-12 to -7,-0.01792778514740249,-0.21265560155237187,0.1768000312575669,0.8567825634288233,-0.003070143602683474,4522
Nearby blocks that get construction later,0 to 6,-0.01909280632335374,-0.20392524132607068,0.16573962867936318,0.8395346121271219,-0.00326965415465234,4522
Nearby blocks that get construction later,7 to 12,0.1497545477443973,-0.09063131666702418,0.3901404121558188,0.2220418930565424,0.025645553142789244,4522
Nearby blocks that get construction later,13 to 18,0.22924290429032568,-0.06418283482207532,0.5226686434027267,0.12568685501635626,0.03925798029599302,4522
Nearby blocks that get construction later,19 to 24,0.3361242012049671,0.021105987000473503,0.6511424154094607,0.03650666403405813,0.057561464372303625,4522
Only blocks observed in every month of the window,All months after start,0.422363810515426,0.24748207623152457,0.5972455447993275,2.2263417241877194e-6,0.07995427346837851,2871
Percentage change per block (Poisson),All months after start,-0.006832191249829478,-0.030456414978131452,0.01736766822645408,0.5767481594268482,-0.006832191249829478,5484
