year,tickets,located,mean_fine,fines_total,share_located
2010,2721462,2347870,40.40518111221101,109961165,0.8627237859650438
2011,2805492,2418468,40.71535224481125,114226595,0.8620477263880988
2012,2746154,2369234,40.59698217944077,111485565,0.862746226176682
2013,2351358,2041383,40.75487229082088,95829295,0.868171924479386
2014,2484983,2153254,43.85838454428058,108987340,0.8665065314330118
2015,2168493,1872891,46.05630269500524,99872770,0.863683212258467
2016,2254761,1961900,48.641955843657044,109675985,0.8701143934989118
2017,2144226,1864097,49.52838926493756,106200060,0.8693565883446988
2018,2044288,1772511,49.01789522806963,100206695,0.8670554246759752
2019,2213939,1906848,48.97342248363663,108424170,0.8612920229509485
2022,1821887,1567284,52.88338958453515,96347560,0.860253133152605
2023,2256360,1979201,54.25075342587176,122409230,0.8771654345937705
2024,2147159,1881304,67.98679557499003,145978460,0.8761829002882413
2025,2051175,1797016,80.29788779601935,164705020,0.8760910210001585
