hour,time_period,n
0,Overnight,68302
1,Overnight,68582
2,Overnight,87914
3,Overnight,98680
4,Overnight,79320
5,Overnight,19832
6,Morning,32653
7,Morning,55998
8,Morning,91971
9,Working hours,134826
10,Working hours,123741
11,Working hours,153776
12,Working hours,157398
13,Working hours,140095
14,Working hours,103711
15,Working hours,104395
16,Working hours,110014
17,After work,86507
18,After work,77791
19,After work,83296
20,After work,72777
21,After work,52754
22,After work,29211
23,After work,17209
