project,work,centreline_id,start_date,end_date
14 384713,New Building,162,2020-02-11,2022-04-11
19 381896,Demolition,365,2023-02-18,2023-06-18
20 551915,Demolition,264,2016-04-04,2016-05-04
16 283454,New Building,340,2021-03-21,2024-03-21
16 666777,New Building,102,2011-02-01,2012-01-01
25 811102,New Building,222,2018-02-01,2020-11-01
13 405885,New Building,23,2022-12-03,2025-12-03
24 144666,Demolition,199,2023-03-21,2023-04-21
12 299677,New Building,247,2016-09-13,2017-03-13
14 952487,New Building,285,2012-11-30,2013-03-30
23 281681,Demolition,357,2016-02-21,2016-07-21
11 487949,Demolition,315,2014-06-25,2014-07-25
25 513123,New Building,377,2012-07-16,2013-02-16
13 425774,Demolition,176,2012-11-26,2013-02-26
23 339374,New Building,334,2015-12-22,2017-06-22
20 323126,New Building,330,2012-08-26,2013-01-26
19 842936,New Building,221,2011-09-30,2012-01-30
18 531425,Demolition,108,2011-08-25,2011-09-25
16 157663,Demolition,66,2015-01-06,2015-02-06
15 844041,New Building,132,2018-11-02,2020-08-02
25 950143,New Building,102,2018-10-09,2020-10-09
24 551072,Demolition,263,2017-01-05,2017-02-05
18 236956,New Building,221,2011-10-08,2012-08-08
23 981130,New Building,207,2020-04-19,2021-08-19
10 885881,New Building,152,2012-06-30,2013-02-28
18 371597,New Building,42,2015-03-17,2015-05-17
12 537016,Demolition,20,2016-04-21,2016-04-21
15 584195,Demolition,22,2017-07-20,2017-09-20
19 682768,Demolition,379,2022-10-06,2023-04-06
24 226071,New Building,214,2018-11-07,2019-12-07
19 153235,New Building,89,2016-05-21,2016-12-21
14 755559,Demolition,320,2012-09-02,2012-11-02
15 719975,Demolition,100,2023-04-22,2023-04-22
20 681256,New Building,156,2015-12-18,2016-12-18
14 380990,New Building,71,2013-09-23,2016-04-23
14 885707,New Building,266,2022-03-09,2024-02-09
12 514844,Demolition,40,2015-05-18,2015-08-18
18 140228,Demolition,306,2022-09-30,2022-11-30
23 959206,New Building,155,2015-07-31,2016-08-31
17 449531,Demolition,296,2016-11-28,2017-05-28
23 788930,New Building,326,2023-12-17,2026-12-17
10 925794,New Building,109,2013-08-10,2013-11-10
15 710000,Demolition,383,2021-12-30,2022-01-30
11 857197,Demolition,276,2023-08-28,2023-09-28
10 647112,New Building,194,2017-07-07,2018-05-07
25 225209,New Building,286,2018-01-27,2018-04-27
20 783149,New Building,73,2021-02-18,2022-12-18
14 397472,Demolition,127,2022-07-06,2023-01-06
24 285933,Demolition,124,2011-07-17,2011-07-17
15 992258,Demolition,207,2023-01-18,2023-02-18
10 716931,New Building,29,2019-12-23,2020-05-23
14 729180,New Building,38,2023-03-06,2023-11-06
14 427423,New Building,38,2019-09-05,2021-05-05
19 919309,Demolition,227,2015-08-12,2015-09-12
22 785232,Demolition,150,2019-01-08,2019-06-08
17 803673,New Building,19,2012-08-26,2012-09-26
23 708617,New Building,337,2019-09-02,2020-06-02
18 523482,New Building,192,2012-12-30,2013-10-30
17 838528,Demolition,141,2019-06-13,2019-08-13
16 576417,New Building,58,2022-05-09,2023-03-09
19 392184,New Building,150,2020-03-09,2020-04-09
20 400647,New Building,253,2022-01-18,2022-03-18
20 716481,New Building,230,2018-06-12,2019-10-12
16 849600,Demolition,325,2018-10-12,2018-11-12
15 390144,New Building,166,2018-01-12,2018-11-12
25 681673,New Building,269,2016-11-26,2017-01-26
16 931305,New Building,58,2021-06-06,2024-05-06
15 888536,Demolition,24,2022-12-01,2023-01-01
13 520291,Demolition,327,2014-05-23,2014-10-23
24 514298,New Building,301,2016-05-16,2016-06-16
17 881914,New Building,393,2020-05-07,2022-09-07
10 976939,New Building,268,2017-04-15,2017-11-15
18 230583,New Building,134,2016-02-18,2017-05-18
19 697001,Demolition,130,2014-09-26,2014-12-26
22 908178,New Building,160,2012-05-10,2013-02-10
22 146081,Demolition,255,2013-08-12,2013-12-12
15 763696,New Building,140,2012-09-16,2014-07-16
25 203231,New Building,274,2011-09-23,2012-01-23
23 429366,New Building,6,2018-03-03,2021-03-03
16 805809,New Building,327,2020-02-20,2020-07-20
23 347357,Demolition,369,2023-02-14,2023-03-14
21 515262,New Building,58,2023-09-01,2026-09-01
23 910319,Demolition,23,2020-12-10,2021-01-10
18 162504,Demolition,85,2023-05-18,2023-08-18
22 792435,Demolition,355,2018-03-25,2018-06-25
10 972084,New Building,147,2013-11-25,2015-12-25
20 174374,New Building,43,2015-10-26,2018-10-26
24 699232,New Building,312,2011-03-22,2011-04-22
21 153164,Demolition,300,2013-11-27,2013-12-27
19 641778,New Building,262,2018-04-20,2018-05-20
21 159579,New Building,326,2020-01-22,2023-01-22
22 603034,New Building,248,2023-04-25,2024-03-25
13 354763,Demolition,79,2018-01-16,2018-04-16
14 352793,Demolition,228,2013-02-07,2013-02-07
24 893549,Demolition,374,2014-07-28,2014-08-28
10 137654,Demolition,390,2021-01-15,2021-02-15
18 467991,New Building,127,2015-02-15,2017-12-15
23 445626,New Building,236,2023-09-07,2026-04-07
25 241769,New Building,62,2020-05-14,2021-03-14
25 112111,Demolition,8,2020-07-16,2020-08-16
24 469721,New Building,265,2023-06-01,2025-11-01
16 373601,New Building,17,2018-10-30,2019-07-30
13 744941,Demolition,105,2014-06-23,2014-08-23
10 284760,New Building,74,2022-05-29,2025-05-29
18 611281,New Building,67,2011-01-23,2012-11-23
10 934445,New Building,145,2016-01-30,2016-03-30
12 818325,Demolition,291,2023-09-11,2023-09-11
20 404451,New Building,103,2020-01-28,2023-01-28
17 498092,New Building,260,2011-05-14,2011-09-14
25 805836,New Building,336,2021-07-19,2021-08-19
15 128977,New Building,16,2011-04-16,2013-05-16
11 374437,Demolition,159,2023-07-02,2023-07-02
22 922055,Demolition,179,2023-03-20,2023-09-20
12 946547,New Building,275,2017-03-19,2019-01-19
18 828365,New Building,97,2015-07-22,2016-01-22
18 944255,New Building,17,2018-03-21,2019-04-21
14 707850,New Building,362,2020-05-28,2023-05-28
14 634362,New Building,233,2017-09-02,2017-10-02
12 668080,New Building,198,2021-05-11,2022-09-11
11 523716,New Building,73,2017-08-14,2020-06-14
13 677438,Demolition,176,2018-01-25,2018-03-25
12 676708,New Building,208,2016-11-27,2019-10-27
20 412315,Demolition,244,2013-06-30,2013-10-30
16 279043,New Building,235,2022-10-21,2022-10-21
21 886376,Demolition,216,2015-07-22,2016-01-22
24 794343,New Building,54,2012-01-30,2012-08-30
19 328717,New Building,49,2012-06-30,2015-06-30
20 198337,Demolition,86,2023-09-01,2023-10-01
21 155213,New Building,103,2023-12-11,2026-09-11
21 245193,Demolition,149,2020-02-07,2020-02-07
24 396343,New Building,161,2017-11-18,2020-11-18
19 732956,Demolition,186,2012-07-30,2012-10-30
18 773449,New Building,360,2015-08-21,2016-04-21
12 139800,Demolition,184,2023-06-28,2023-09-28
13 225288,New Building,8,2014-12-18,2016-12-18
23 750178,Demolition,102,2022-12-21,2023-02-21
18 218202,Demolition,298,2023-09-26,2023-11-26
20 560317,Demolition,366,2011-04-29,2011-07-29
18 987460,Demolition,323,2017-07-27,2018-01-27
23 273397,New Building,71,2016-02-12,2019-02-12
17 305424,New Building,288,2019-07-24,2022-07-24
10 256469,Demolition,267,2011-06-12,2011-06-12
24 178811,Demolition,326,2013-10-16,2013-10-16
12 285335,Demolition,41,2019-11-18,2020-01-18
19 528538,New Building,385,2022-08-09,2023-03-09
11 699257,New Building,224,2020-08-01,2022-11-01
12 811685,New Building,350,2017-01-10,2017-12-10
22 575156,New Building,238,2014-10-28,2014-11-28
22 181247,New Building,39,2015-11-05,2018-11-05
17 167749,Demolition,366,2013-04-14,2013-05-14
24 288637,Demolition,31,2020-08-11,2020-10-11
15 564865,New Building,350,2014-11-22,2015-12-22
14 313929,New Building,60,2013-04-19,2013-04-19
24 865170,Demolition,6,2015-11-30,2015-12-30
17 317413,New Building,156,2012-05-24,2012-10-24
12 985959,New Building,249,2015-05-01,2018-05-01
19 855792,New Building,97,2017-03-30,2017-10-30
13 880044,New Building,49,2011-05-30,2011-07-30
21 695704,Demolition,81,2020-08-03,2021-01-03
25 220558,New Building,258,2012-04-26,2014-04-26
11 227540,Demolition,250,2013-02-28,2013-08-28
20 720451,Demolition,29,2019-03-03,2019-04-03
21 548910,New Building,168,2012-01-14,2013-08-14
23 663990,New Building,61,2022-08-05,2023-07-05
10 470662,New Building,41,2021-04-15,2023-12-15
17 972680,Demolition,102,2023-12-20,2024-03-20
18 202772,Demolition,235,2016-06-29,2016-10-29
17 174528,Demolition,351,2011-03-10,2011-04-10
23 862921,Demolition,278,2015-01-07,2015-01-07
23 643784,Demolition,381,2014-03-27,2014-05-27
22 771274,New Building,332,2020-11-04,2023-03-04
10 588109,Demolition,135,2016-11-27,2016-11-27
20 594373,Demolition,192,2016-08-04,2016-09-04
17 676209,Demolition,243,2023-10-12,2023-11-12
15 827628,New Building,45,2020-12-25,2021-04-25
19 559063,New Building,252,2023-09-22,2024-02-22
22 706663,New Building,356,2011-07-15,2012-02-15
12 704587,New Building,118,2011-05-22,2011-06-22
22 132449,New Building,164,2015-02-11,2015-04-11
21 848610,New Building,269,2021-04-19,2022-08-19
25 987441,New Building,56,2013-02-28,2016-02-28
21 369731,New Building,395,2021-11-19,2024-11-19
11 271792,New Building,345,2011-08-31,2011-10-31
19 781945,Demolition,12,2017-10-02,2018-04-02
17 877055,Demolition,238,2015-06-27,2015-12-27
16 775807,Demolition,337,2011-06-04,2011-07-04
17 243299,Demolition,216,2015-04-06,2015-05-06
16 710676,Demolition,121,2016-07-09,2017-01-09
17 961855,New Building,20,2020-01-11,2021-01-11
23 224414,Demolition,103,2023-02-19,2023-03-19
21 445829,Demolition,250,2014-07-31,2015-01-31
17 345534,New Building,198,2022-07-02,2024-03-02
12 188870,Demolition,207,2012-12-11,2013-02-11
23 421797,New Building,48,2012-11-13,2013-06-13
16 527264,New Building,46,2014-03-05,2014-05-05
19 119168,New Building,202,2012-03-24,2013-07-24
11 413938,New Building,83,2022-11-24,2024-08-24
13 500022,Demolition,46,2021-02-01,2021-05-01
25 852511,New Building,273,2018-07-06,2020-01-06
21 298038,New Building,88,2015-04-26,2015-07-26
20 351470,New Building,267,2016-10-10,2016-10-10
23 372530,New Building,241,2013-11-17,2015-05-17
24 653312,New Building,62,2018-04-10,2020-09-10
16 287675,New Building,8,2022-05-14,2024-02-14
20 197288,New Building,270,2014-06-12,2017-05-12
23 435921,New Building,37,2018-11-05,2021-08-05
19 256705,Demolition,69,2017-04-25,2017-04-25
13 811893,New Building,290,2017-09-14,2017-10-14
21 650964,New Building,97,2014-02-15,2016-02-15
15 562969,New Building,155,2021-05-13,2024-01-13
17 125883,New Building,187,2023-12-28,2026-12-28
12 498100,New Building,274,2021-09-15,2023-04-15
14 457574,New Building,59,2018-04-29,2020-09-29
25 987796,New Building,295,2015-11-22,2016-09-22
16 650629,Demolition,302,2019-08-01,2019-09-01
15 886523,Demolition,298,2017-12-11,2018-05-11
18 191061,New Building,315,2021-12-22,2024-12-22
17 478567,New Building,365,2012-05-27,2014-02-27
13 800866,Demolition,126,2021-09-03,2021-11-03
23 570629,New Building,380,2013-10-12,2015-07-12
18 884997,New Building,239,2019-06-09,2020-11-09
24 974524,New Building,324,2022-08-24,2025-08-24
11 437777,Demolition,15,2020-09-21,2020-09-21
13 158922,New Building,13,2018-11-09,2020-11-09
25 617771,New Building,380,2020-04-20,2020-08-20
14 546032,New Building,167,2015-01-15,2016-11-15
13 260613,New Building,222,2015-07-26,2015-11-26
17 532551,Demolition,323,2015-04-14,2015-05-14
16 725560,New Building,250,2013-06-11,2013-06-11
11 593449,New Building,356,2015-11-06,2017-12-06
23 664701,New Building,118,2022-06-12,2025-06-12
15 842114,New Building,105,2015-12-27,2016-01-27
20 686089,New Building,120,2016-08-10,2017-07-10
19 515887,Demolition,20,2012-04-05,2012-10-05
20 623102,Demolition,141,2012-03-03,2012-09-03
17 579568,New Building,346,2013-08-15,2016-08-15
20 653478,Demolition,396,2013-05-25,2013-07-25
13 859229,Demolition,328,2015-10-26,2015-12-26
24 633976,New Building,382,2011-12-21,2012-03-21
18 647096,New Building,82,2016-07-27,2019-07-27
23 397825,New Building,202,2022-01-26,2023-12-26
22 989405,New Building,358,2021-01-20,2022-04-20
11 316496,New Building,383,2018-05-28,2019-03-28
22 243667,New Building,303,2023-03-29,2026-02-28
11 104060,Demolition,177,2015-11-06,2015-12-06
16 433146,New Building,391,2016-06-02,2017-02-02
15 798434,Demolition,181,2013-08-02,2014-02-02
15 597430,Demolition,42,2014-07-26,2014-11-26
22 518635,New Building,51,2021-11-07,2022-08-07
12 235738,New Building,386,2019-12-21,2020-10-21
13 526828,Demolition,138,2022-05-04,2022-07-04
23 417377,New Building,228,2015-04-26,2018-04-26
17 877415,New Building,350,2017-06-14,2020-06-14
19 808668,New Building,160,2020-09-10,2020-12-10
11 138826,New Building,97,2015-07-15,2016-05-15
12 847924,New Building,292,2016-04-29,2017-01-29
20 114926,New Building,35,2023-08-01,2024-01-01
17 447125,Demolition,277,2016-06-20,2016-08-20
17 247826,Demolition,211,2012-09-15,2012-10-15
18 312684,New Building,311,2014-04-09,2014-11-09
14 460364,New Building,77,2021-09-09,2023-05-09
16 836210,New Building,8,2020-02-04,2020-07-04
23 360704,Demolition,141,2020-07-12,2020-09-12
16 196687,New Building,11,2012-08-13,2013-07-13
20 349712,New Building,298,2018-07-27,2019-02-27
11 302227,New Building,138,2017-12-18,2019-02-18
25 149315,New Building,207,2017-03-19,2017-03-19
23 157501,New Building,36,2022-05-22,2022-06-22
22 599049,Demolition,185,2015-08-29,2015-08-29
17 824463,New Building,317,2017-07-11,2018-06-11
15 268682,New Building,165,2019-02-14,2019-05-14
20 727967,New Building,148,2023-01-22,2024-12-22
23 366090,New Building,259,2014-12-14,2016-03-14
14 515935,Demolition,41,2019-06-21,2019-10-21
10 302739,Demolition,54,2018-01-05,2018-04-05
11 479012,Demolition,394,2012-04-15,2012-07-15
23 386809,Demolition,369,2014-01-16,2014-02-16
20 447485,New Building,232,2015-07-04,2016-10-04
13 645729,Demolition,123,2018-04-28,2018-05-28
14 629519,Demolition,212,2016-02-05,2016-03-05
13 534384,New Building,125,2019-03-09,2022-03-09
19 773285,New Building,397,2014-03-22,2014-05-22
16 352835,New Building,151,2018-01-18,2019-11-18
13 389924,New Building,103,2011-03-13,2011-07-13
10 186477,New Building,98,2018-09-03,2018-12-03
17 285661,New Building,80,2016-02-02,2019-02-02
13 195294,New Building,181,2018-06-20,2019-08-20
24 964816,New Building,200,2017-12-15,2018-10-15
11 817324,Demolition,16,2015-06-22,2015-06-22
19 917302,Demolition,271,2018-12-15,2019-01-15
18 302264,New Building,268,2011-10-23,2011-11-23
19 842763,Demolition,276,2018-12-05,2018-12-05
12 591329,New Building,17,2016-01-03,2018-03-03
18 206863,Demolition,11,2014-07-17,2014-09-17
23 633481,New Building,135,2017-12-13,2019-07-13
10 556514,Demolition,258,2022-02-16,2022-03-16
20 404630,Demolition,56,2021-01-15,2021-04-15
14 485371,Demolition,256,2020-02-18,2020-02-18
21 856653,New Building,38,2021-01-02,2022-08-02
24 294573,Demolition,269,2018-04-09,2018-04-09
15 532088,New Building,87,2020-01-03,2023-01-03
21 326489,New Building,145,2011-07-17,2012-06-17
23 332849,New Building,65,2020-09-02,2020-10-02
24 696037,New Building,289,2012-02-13,2012-11-13
18 730515,Demolition,209,2022-09-05,2022-09-05
14 983660,Demolition,305,2013-11-05,2014-03-05
15 391011,New Building,357,2014-03-24,2015-09-24
12 155415,Demolition,11,2018-02-26,2018-06-26
14 892689,Demolition,254,2018-07-18,2018-09-18
24 517413,New Building,383,2022-06-20,2023-12-20
12 213773,Demolition,223,2022-05-29,2022-07-29
18 496708,New Building,224,2011-12-02,2012-06-02
20 180479,New Building,247,2015-08-31,2018-08-31
16 159384,Demolition,110,2020-05-06,2020-07-06
23 249940,Demolition,151,2023-05-03,2023-06-03
16 539459,New Building,22,2012-11-15,2012-12-15
23 917725,Demolition,254,2011-09-11,2011-11-11
17 809601,New Building,251,2013-07-01,2016-02-01
11 143343,Demolition,273,2017-07-02,2017-09-02
17 776669,New Building,154,2019-08-29,2022-08-29
15 363515,New Building,225,2018-01-29,2018-03-29
21 432711,Demolition,4,2021-01-07,2021-01-07
10 288274,Demolition,340,2017-02-20,2017-04-20
16 175507,New Building,142,2023-03-30,2024-01-30
12 786552,New Building,87,2018-12-26,2020-10-26
13 182575,New Building,31,2015-04-30,2015-06-30
19 561608,New Building,57,2022-06-14,2025-03-14
21 198692,New Building,76,2014-02-06,2014-08-06
11 454929,Demolition,320,2022-03-26,2022-09-26
16 910640,Demolition,229,2015-07-08,2015-10-08
17 762828,New Building,342,2017-06-20,2020-06-20
16 671268,New Building,174,2020-05-26,2022-02-26
12 438619,Demolition,35,2012-07-02,2013-01-02
17 748715,New Building,271,2018-06-05,2018-07-05
24 962867,New Building,213,2022-03-16,2022-11-16
12 518923,New Building,108,2021-09-02,2022-03-02
12 603286,New Building,180,2016-01-08,2017-02-08
18 279257,Demolition,97,2012-01-14,2012-07-14
21 552306,Demolition,135,2021-07-26,2021-12-26
25 153277,New Building,155,2023-04-17,2024-02-17
14 343846,New Building,165,2019-07-30,2019-08-30
16 457819,Demolition,321,2021-04-05,2021-06-05
21 949164,Demolition,319,2011-12-31,2012-03-31
11 715337,Demolition,188,2018-10-20,2018-12-20
19 728043,Demolition,385,2020-04-21,2020-09-21
24 244010,New Building,378,2017-11-12,2018-01-12
13 394259,New Building,347,2016-02-25,2017-10-25
21 967427,New Building,308,2021-04-26,2024-04-26
16 726225,New Building,230,2014-02-03,2014-08-03
15 122003,Demolition,24,2017-03-24,2017-03-24
14 932772,New Building,155,2013-09-04,2013-10-04
16 122224,New Building,302,2022-12-16,2025-12-16
14 632405,New Building,332,2014-02-09,2014-12-09
14 247799,New Building,299,2018-03-28,2019-07-28
15 134386,New Building,308,2014-01-03,2014-02-03
11 710315,Demolition,346,2023-12-15,2023-12-15
10 702707,Demolition,312,2013-04-07,2013-06-07
14 158581,Demolition,262,2015-12-16,2015-12-16
22 280172,New Building,88,2021-01-22,2023-04-22
15 177939,Demolition,93,2019-10-30,2020-01-30
21 197912,Demolition,83,2022-11-08,2022-11-08
15 766944,Demolition,154,2019-04-03,2019-06-03
14 504864,New Building,41,2022-08-16,2024-02-16
15 303415,Demolition,211,2018-10-24,2018-10-24
13 524271,Demolition,287,2019-01-02,2019-03-02
15 718620,Demolition,377,2014-01-03,2014-03-03
25 552010,New Building,316,2020-08-25,2022-04-25
18 782851,New Building,250,2014-06-02,2014-07-02
18 674088,New Building,79,2017-05-27,2019-04-27
20 783846,New Building,212,2013-10-15,2015-01-15
13 425829,New Building,332,2021-12-18,2022-09-18
21 412314,Demolition,106,2020-08-23,2020-10-23
20 725491,New Building,170,2011-01-05,2014-01-05
16 590914,New Building,338,2013-08-04,2015-05-04
24 176385,New Building,236,2023-05-10,2023-09-10
23 939199,Demolition,1,2018-01-17,2018-01-17
24 726541,New Building,164,2019-11-04,2020-06-04
21 188770,New Building,394,2012-04-03,2015-04-03
18 959133,New Building,75,2019-05-25,2022-01-25
16 995405,New Building,109,2023-02-09,2024-01-09
24 714843,New Building,192,2022-03-26,2023-01-26
19 601019,New Building,308,2019-09-14,2020-08-14
11 879062,New Building,289,2018-06-06,2018-09-06
15 143514,New Building,400,2014-12-17,2017-09-17
24 445570,Demolition,356,2016-05-01,2016-10-01
18 160716,New Building,66,2022-09-14,2025-03-14
14 152624,Demolition,283,2018-10-13,2018-12-13
15 360942,New Building,350,2021-06-13,2023-01-13
23 690730,Demolition,262,2011-03-29,2011-05-29
12 937070,Demolition,229,2021-01-26,2021-02-26
12 199350,New Building,337,2012-10-27,2013-03-27
13 903763,New Building,225,2022-08-07,2023-06-07
17 292707,Demolition,196,2022-02-14,2022-08-14
11 654158,New Building,219,2018-10-14,2020-05-14
14 374820,New Building,117,2012-11-05,2012-12-05
21 871082,Demolition,298,2011-09-08,2012-03-08
11 841457,Demolition,245,2022-07-17,2022-08-17
17 515658,Demolition,158,2012-07-17,2012-08-17
24 242051,Demolition,68,2023-05-06,2023-06-06
23 168580,New Building,154,2019-11-23,2020-07-23
24 350927,New Building,13,2021-04-20,2021-04-20
18 791447,New Building,53,2013-10-25,2014-06-25
15 710860,Demolition,48,2012-07-01,2012-07-01
10 349435,New Building,52,2022-08-14,2023-08-14
11 141450,New Building,245,2016-07-03,2016-10-03
24 437764,Demolition,235,2019-05-24,2019-06-24
17 152337,New Building,66,2020-03-28,2021-11-28
12 762285,Demolition,147,2015-03-23,2015-04-23
20 165884,New Building,191,2019-06-10,2022-06-10
21 794982,Demolition,372,2015-07-14,2015-08-14
24 164996,New Building,121,2015-04-22,2016-05-22
17 261172,Demolition,95,2011-02-21,2011-03-21
10 445808,Demolition,294,2019-08-26,2020-02-26
20 454025,New Building,176,2020-07-10,2021-04-10
23 842814,Demolition,350,2017-12-01,2018-04-01
23 146156,New Building,78,2017-10-25,2018-07-25
24 681551,Demolition,16,2012-09-28,2013-01-28
16 664122,New Building,326,2019-06-10,2020-08-10
19 992712,Demolition,230,2018-11-24,2019-05-24
24 224965,New Building,393,2019-12-02,2022-12-02
18 579382,Demolition,11,2023-11-13,2023-11-13
21 625938,New Building,280,2022-11-30,2024-07-30
17 391871,New Building,257,2022-10-24,2022-12-24
15 249667,New Building,286,2021-04-08,2022-07-08
15 895378,Demolition,315,2013-04-12,2013-09-12
18 387933,Demolition,233,2021-11-11,2021-12-11
11 795121,New Building,35,2018-11-13,2019-10-13
12 316331,Demolition,351,2019-08-06,2020-02-06
19 105296,Demolition,80,2013-10-14,2014-02-14
21 798088,New Building,281,2022-11-16,2024-11-16
16 684486,New Building,111,2017-09-29,2018-12-29
15 152264,Demolition,334,2015-09-18,2016-03-18
15 853982,Demolition,243,2015-07-30,2015-09-30
10 237751,New Building,332,2014-09-14,2016-12-14
20 307040,Demolition,224,2020-11-10,2020-12-10
11 813751,Demolition,277,2020-01-30,2020-06-30
21 830532,New Building,14,2021-07-11,2022-08-11
19 709469,New Building,225,2011-06-29,2012-12-29
13 441659,New Building,129,2022-01-22,2022-02-22
17 868404,Demolition,299,2023-06-24,2023-08-24
17 119936,Demolition,215,2018-04-16,2018-05-16
23 652129,Demolition,75,2019-07-18,2019-11-18
14 167517,New Building,15,2015-09-23,2016-01-23
16 815954,New Building,256,2014-03-01,2015-06-01
13 923073,New Building,34,2017-08-03,2018-07-03
24 990981,New Building,159,2016-08-12,2016-10-12
12 556980,New Building,325,2017-04-08,2019-07-08
23 184267,New Building,3,2011-09-05,2013-04-05
14 524204,Demolition,301,2018-09-04,2018-10-04
19 955710,Demolition,294,2018-07-08,2018-07-08
23 537780,New Building,90,2012-04-25,2015-04-25
19 285563,New Building,365,2012-04-29,2013-12-29
13 242457,New Building,269,2013-03-08,2014-07-08
12 795600,New Building,183,2014-05-28,2017-04-28
15 815799,New Building,398,2019-12-02,2022-12-02
24 300392,New Building,85,2018-05-05,2020-08-05
23 772515,Demolition,112,2014-04-30,2014-06-30
14 622248,New Building,202,2023-03-29,2025-08-29
17 390138,Demolition,356,2020-01-28,2020-03-28
24 450031,Demolition,14,2016-01-18,2016-04-18
19 227796,New Building,147,2022-06-18,2022-07-18
16 377732,New Building,328,2020-06-15,2021-05-15
14 142516,New Building,235,2013-11-22,2015-11-22
19 746194,New Building,31,2017-03-05,2017-05-05
18 392062,Demolition,205,2017-06-04,2017-06-04
25 517318,Demolition,247,2014-05-25,2014-07-25
23 873048,New Building,397,2021-01-07,2023-10-07
24 420554,New Building,337,2013-10-04,2014-09-04
21 658901,Demolition,137,2020-12-10,2021-04-10
25 797936,Demolition,292,2023-05-02,2023-09-02
10 685969,New Building,310,2016-03-23,2016-04-23
15 313660,New Building,149,2020-07-24,2023-05-24
13 756950,Demolition,316,2013-07-18,2013-11-18
20 833094,New Building,45,2022-06-07,2025-06-07
16 757446,New Building,68,2023-04-11,2024-03-11
21 602338,New Building,321,2019-10-10,2019-10-10
11 854664,New Building,206,2013-02-25,2013-04-25
19 416341,Demolition,287,2015-11-10,2016-01-10
10 821663,Demolition,103,2020-04-18,2020-09-18
22 322967,New Building,78,2022-05-16,2022-09-16
21 704895,Demolition,25,2016-08-18,2016-12-18
14 995510,Demolition,53,2014-09-22,2014-11-22
16 404984,New Building,370,2018-08-01,2020-08-01
16 151633,New Building,363,2022-08-28,2022-12-28
19 464616,New Building,104,2022-12-06,2023-03-06
18 387987,New Building,380,2015-09-15,2016-06-15
19 863169,New Building,101,2015-08-14,2018-08-14
14 528732,Demolition,181,2022-06-03,2022-11-03
24 148094,New Building,323,2021-08-22,2023-01-22
18 592252,New Building,164,2012-12-06,2014-05-06
21 403575,Demolition,101,2021-09-25,2022-01-25
21 940629,New Building,175,2023-07-24,2026-07-24
12 365813,New Building,356,2019-02-25,2022-02-25
21 876526,Demolition,383,2020-02-24,2020-04-24
19 650919,Demolition,177,2020-06-19,2020-07-19
17 992545,New Building,145,2015-09-27,2017-09-27
15 449844,Demolition,181,2015-08-07,2015-11-07
10 629898,New Building,74,2017-06-23,2020-06-23
18 942016,Demolition,302,2018-12-22,2019-05-22
19 749362,Demolition,314,2023-11-02,2023-11-02
